,Next,DLIS,DLIS max,BOHM,Pareto Dominant,Random Forest,Random,heuristic
0,1.0,1.0,3.83149064804466e-13,5.280458020901248e-05,0.0033994274382388606,0.018458809938192294,4.453850888386597e-06,Next
1,1.0,1.0,3.83149064804466e-13,5.280458020901248e-05,0.0033994274382388606,0.018458809938192294,4.453850888386597e-06,DLIS
2,3.83149064804466e-13,3.83149064804466e-13,1.0,4.453850888386621e-06,1.66929511860949e-11,2.612649690007854e-12,5.605993508188769e-10,DLIS max
3,5.280458020901248e-05,5.280458020901248e-05,4.453850888386621e-06,1.0,0.0013231663239947618,0.0004825714552246595,0.039012855538379014,BOHM
4,0.0033994274382388606,0.0033994274382388606,1.66929511860949e-11,0.0013231663239947618,1.0,0.8107275655760363,0.0033994274382388545,Pareto Dominant
5,0.018458809938192294,0.018458809938192294,2.612649690007854e-12,0.0004825714552246595,0.8107275655760363,1.0,0.018458809938192242,Random Forest
6,4.453850888386597e-06,4.453850888386597e-06,5.605993508188769e-10,0.039012855538379014,0.0033994274382388545,0.018458809938192242,1.0,Random
