,Next,DLIS,DLIS max,BOHM,Pareto Dominant,Random Forest,Random,heuristic
0,1.0,3.1070208026336177e-29,2.8616509488088134e-15,2.2927631114801223e-91,4.206289984742021e-74,1.215272805679188e-53,1.0000000000000004,Next
1,3.1070208026336177e-29,1.0,0.002517581320761569,9.518914665419654e-51,2.9744532756851183e-63,1.0938357659939976e-51,3.605085299746853e-06,DLIS
2,2.8616509488088134e-15,0.002517581320761569,1.0,1.1679846566757873e-57,4.8793426561878217e-54,1.1206426921246299e-48,0.0011423800315399483,DLIS max
3,2.2927631114801223e-91,9.518914665419654e-51,1.1679846566757873e-57,1.0,6.089145309601855e-26,1.578909419126275e-43,5.007250335126921e-25,BOHM
4,4.206289984742021e-74,2.9744532756851183e-63,4.8793426561878217e-54,6.089145309601855e-26,1.0,1.8277793713604143e-38,1.6751351005253807e-24,Pareto Dominant
5,1.215272805679188e-53,1.0938357659939976e-51,1.1206426921246299e-48,1.578909419126275e-43,1.8277793713604143e-38,1.0,6.579537795696225e-22,Random Forest
6,1.0000000000000004,3.605085299746853e-06,0.0011423800315399483,5.007250335126921e-25,1.6751351005253807e-24,6.579537795696225e-22,1.0,Random
