,Next,DLIS,DLIS max,BOHM,Pareto Dominant,Random Forest,Random,heuristic
0,1.0,0.9999999999999981,8.687936835807585e-73,0.3048196278125442,1.0000000000000007,1.0,0.9999999999999993,Next
1,0.9999999999999981,1.0,7.12915573267191e-67,0.3275464055231918,1.0000000000000009,0.9999999999999988,0.9999999999999996,DLIS
2,8.687936835807585e-73,7.12915573267191e-67,1.0,5.993258862578583e-36,6.068297512380541e-38,1.580660581951718e-28,1.4510942550681294e-16,DLIS max
3,0.3048196278125442,0.3275464055231918,5.993258862578583e-36,1.0,0.5452737575234053,0.7038291455930269,0.9260153704639058,BOHM
4,1.0000000000000007,1.0000000000000009,6.068297512380541e-38,0.5452737575234053,1.0,1.0,1.0,Pareto Dominant
5,1.0,0.9999999999999988,1.580660581951718e-28,0.7038291455930269,1.0,1.0,1.0,Random Forest
6,0.9999999999999993,0.9999999999999996,1.4510942550681294e-16,0.9260153704639058,1.0,1.0,1.0,Random
