,Next,DLIS,DLIS max,BOHM,Pareto Dominant,Random Forest,Random,heuristic
0,1.0,0.9999999999999993,4.0239135425832665e-108,3.1566334894230567e-26,6.710054829588034e-10,9.946644584224152e-12,1.1843602088235137e-06,Next
1,0.9999999999999993,1.0,5.754002025029215e-99,1.3681243322417317e-24,1.4865565251782541e-09,2.3354947504344128e-11,1.5380490769147434e-06,DLIS
2,4.0239135425832665e-108,5.754002025029215e-99,1.0,2.1940298118963937e-22,1.6708516293473767e-48,1.2608276624002666e-36,8.431725487423507e-14,DLIS max
3,3.1566334894230567e-26,1.3681243322417317e-24,2.1940298118963937e-22,1.0,2.3900353206458936e-10,3.4303414501246184e-07,0.03212209677649628,BOHM
4,6.710054829588034e-10,1.4865565251782541e-09,1.6708516293473767e-48,2.3900353206458936e-10,1.0,0.33318144088014195,0.008371705930520267,Pareto Dominant
5,9.946644584224152e-12,2.3354947504344128e-11,1.2608276624002666e-36,3.4303414501246184e-07,0.33318144088014195,1.0,0.07594664183621963,Random Forest
6,1.1843602088235137e-06,1.5380490769147434e-06,8.431725487423507e-14,0.03212209677649628,0.008371705930520267,0.07594664183621963,1.0,Random
