,Next,DLIS,DLIS max,BOHM,Pareto Dominant,Random Forest,Random,heuristic
0,1.0,0.4026932849040081,1.66929511860949e-11,0.00016491013514795646,0.0013231663239947618,2.895701995067742e-07,1.5842888639379236e-05,Next
1,0.4026932849040081,1.0,1.66929511860949e-11,0.00016491013514795646,0.0013231663239947641,4.453850888386621e-06,5.280458020901267e-05,DLIS
2,1.66929511860949e-11,1.66929511860949e-11,1.0,4.453850888386621e-06,5.605993508188749e-10,2.946592754656901e-09,2.946592754656901e-09,DLIS max
3,0.00016491013514795646,0.00016491013514795646,4.453850888386621e-06,1.0,0.018458809938192242,0.24878336240451593,0.07725585057055151,BOHM
4,0.0013231663239947618,0.0013231663239947641,5.605993508188749e-10,0.018458809938192242,1.0,0.018458809938192294,0.03901285553837905,Pareto Dominant
5,2.895701995067742e-07,4.453850888386621e-06,2.946592754656901e-09,0.24878336240451593,0.018458809938192294,1.0,0.4026932849040078,Random Forest
6,1.5842888639379236e-05,5.280458020901267e-05,2.946592754656901e-09,0.07725585057055151,0.03901285553837905,0.4026932849040078,1.0,Random
