,random,next,DLIS,DLIS_max,BOHM,paretoDominant,RF,heuristic
0,1.0,0.09370972673841158,0.11752698135194924,0.7609711934968122,0.6248808525048594,0.7040515937540365,0.7766717656038187,random
1,0.09370972673841158,1.0,0.0035325389206138248,0.07890233030642595,0.04444419938318322,0.04408980999089389,0.07175522593995458,next
2,0.11752698135194924,0.0035325389206138248,1.0,0.38864095168843044,0.8468032027878446,0.760028328435014,0.3430988666986181,DLIS
3,0.7609711934968122,0.07890233030642595,0.38864095168843044,1.0,0.657223840606093,0.8087867599062148,0.8965151589171431,DLIS_max
4,0.6248808525048594,0.04444419938318322,0.8468032027878446,0.657223840606093,1.0,0.8233142650481975,0.5990825285446854,BOHM
5,0.7040515937540365,0.04408980999089389,0.760028328435014,0.8087867599062148,0.8233142650481975,1.0,0.984587056158715,paretoDominant
6,0.7766717656038187,0.07175522593995458,0.3430988666986181,0.8965151589171431,0.5990825285446854,0.984587056158715,1.0,RF
