,random,next,DLIS,DLIS_max,BOHM,paretoDominant,RF,heuristic
0,1.0,0.9999999999999994,1.0000000000000009,1.0000000000000002,0.9999999999999999,0.999999999999999,1.0000000000000009,random
1,0.9999999999999994,1.0,1.0000000000000009,0.9999999999999992,0.9999999999999996,1.000000000000001,0.9999999999999992,next
2,1.0000000000000009,1.0000000000000009,1.0,1.0000000000000004,1.0000000000000002,0.9999999999999982,0.9999999999999992,DLIS
3,1.0000000000000002,0.9999999999999992,1.0000000000000004,1.0,1.0000000000000002,1.0,1.0000000000000002,DLIS_max
4,0.9999999999999999,0.9999999999999996,1.0000000000000002,1.0000000000000002,1.0,0.9999999999999977,1.0000000000000018,BOHM
5,0.999999999999999,1.000000000000001,0.9999999999999982,1.0,0.9999999999999977,1.0,0.9999999999999993,paretoDominant
6,1.0000000000000009,0.9999999999999992,0.9999999999999992,1.0000000000000002,1.0000000000000018,0.9999999999999993,1.0,RF
