,random,next,DLIS,DLIS_max,BOHM,paretoDominant,RF,heuristic
0,1.0,3.054346930223683e-14,9.238030308325359e-07,1.0338901577513304e-05,9.52142488960535e-18,0.007428215573140693,4.03304573568324e-09,random
1,3.054346930223683e-14,1.0,0.002499443353571201,1.4708536118004305e-08,0.0008989240592696678,1.4886434341087425e-08,0.00015618098162745577,next
2,9.238030308325359e-07,0.002499443353571201,1.0,0.007821616958903462,8.37088628239431e-05,6.069102443048992e-07,0.10945368672679409,DLIS
3,1.0338901577513304e-05,1.4708536118004305e-08,0.007821616958903462,1.0,3.738507194715438e-08,0.007441765468033046,0.0001933639806723361,DLIS_max
4,9.52142488960535e-18,0.0008989240592696678,8.37088628239431e-05,3.738507194715438e-08,1.0,3.042349584351633e-11,5.441685675588956e-05,BOHM
5,0.007428215573140693,1.4886434341087425e-08,6.069102443048992e-07,0.007441765468033046,3.042349584351633e-11,1.0,0.00011183632141508028,paretoDominant
6,4.03304573568324e-09,0.00015618098162745577,0.10945368672679409,0.0001933639806723361,5.441685675588956e-05,0.00011183632141508028,1.0,RF
