,Next,DLIS,DLIS max,BOHM,Pareto Dominant,Random Forest,Random,heuristic
0,1.0,7.587547566494109e-222,6.946519576746606e-51,0.0,0.0,0.0,0.9984125040045851,Next
1,7.587547566494109e-222,1.0,2.7560634679016784e-45,0.0,0.0,0.0,5.075142576927456e-54,DLIS
2,6.946519576746606e-51,2.7560634679016784e-45,1.0,0.0,0.0,0.0,1.1199318703723854e-12,DLIS max
3,0.0,0.0,0.0,1.0,0.0,0.0,0.0,BOHM
4,0.0,0.0,0.0,0.0,1.0,0.0,0.0,Pareto Dominant
5,0.0,0.0,0.0,0.0,0.0,1.0,0.0,Random Forest
6,0.9984125040045851,5.075142576927456e-54,1.1199318703723854e-12,0.0,0.0,0.0,1.0,Random
