,random,next,DLIS,DLIS_max,BOHM,paretoDominant,RF,heuristic
0,1.0,0.9405681096167212,0.36685376652778606,0.9321244393728065,0.5273865954656919,0.5450461049641798,0.8833172231177587,random
1,0.9405681096167212,1.0,0.05508515582885563,0.47686691695113365,0.8283454333779864,0.09741979788817831,0.6582636698453228,next
2,0.36685376652778606,0.05508515582885563,1.0,0.7422409650846653,0.5002737867006852,0.8562290123795858,0.40065748549520164,DLIS
3,0.9321244393728065,0.47686691695113365,0.7422409650846653,1.0,0.6830286355036046,0.8388389449548833,0.9618618648787097,DLIS_max
4,0.5273865954656919,0.8283454333779864,0.5002737867006852,0.6830286355036046,1.0,0.36587323307514025,0.7126034066267364,BOHM
5,0.5450461049641798,0.09741979788817831,0.8562290123795858,0.8388389449548833,0.36587323307514025,1.0,0.5967093308377597,paretoDominant
6,0.8833172231177587,0.6582636698453228,0.40065748549520164,0.9618618648787097,0.7126034066267364,0.5967093308377597,1.0,RF
