,random,next,DLIS,DLIS_max,BOHM,paretoDominant,RF,heuristic
0,1.0,0.5764168280013943,0.30437207899881535,0.8717718332398967,0.7898960137710705,0.9074645314298003,0.8753765723641224,random
1,0.5764168280013943,1.0,0.7431594996014559,0.9353479317176792,0.8799479654072203,0.5021183101617542,0.43343119772591204,next
2,0.30437207899881535,0.7431594996014559,1.0,0.3665877032352546,0.6409615330953742,0.4159182475141643,0.35686262775217087,DLIS
3,0.8717718332398967,0.9353479317176792,0.3665877032352546,1.0,0.9070843611770564,0.9306808397532261,0.41936693606724534,DLIS_max
4,0.7898960137710705,0.8799479654072203,0.6409615330953742,0.9070843611770564,1.0,0.5403622502204566,0.428705585664869,BOHM
5,0.9074645314298003,0.5021183101617542,0.4159182475141643,0.9306808397532261,0.5403622502204566,1.0,0.42359557290611144,paretoDominant
6,0.8753765723641224,0.43343119772591204,0.35686262775217087,0.41936693606724534,0.428705585664869,0.42359557290611144,1.0,RF
