,random,next,DLIS,DLIS_max,BOHM,paretoDominant,RF,heuristic
0,1.0,2.0971029689473598e-13,6.503169519128233e-07,6.2198749262292285e-06,4.646073878090514e-21,0.011035525535986196,5.126719339116531e-09,random
1,2.0971029689473598e-13,1.0,0.0008708969042266749,2.422468236801784e-07,9.363559330315393e-05,2.2328398497258918e-08,0.0027207324264952874,next
2,6.503169519128233e-07,0.0008708969042266749,1.0,0.02145420795603485,8.612812886486567e-07,7.922704852818457e-06,0.06106206267231822,DLIS
3,6.2198749262292285e-06,2.422468236801784e-07,0.02145420795603485,1.0,1.2920294831321197e-09,0.022107609323160745,7.089934683386119e-05,DLIS_max
4,4.646073878090514e-21,9.363559330315393e-05,8.612812886486567e-07,1.2920294831321197e-09,1.0,8.300635004358216e-14,3.745730023253697e-06,BOHM
5,0.011035525535986196,2.2328398497258918e-08,7.922704852818457e-06,0.022107609323160745,8.300635004358216e-14,1.0,5.235531821607576e-05,paretoDominant
6,5.126719339116531e-09,0.0027207324264952874,0.06106206267231822,7.089934683386119e-05,3.745730023253697e-06,5.235531821607576e-05,1.0,RF
