,random,next,DLIS,DLIS_max,BOHM,paretoDominant,RF,heuristic
0,1.0,0.42257723847277395,0.18585093241650147,0.7944523199910217,0.8774535756177955,0.9408411624220087,0.9435816454950624,random
1,0.42257723847277395,1.0,0.6989800854181768,0.9288282981734561,0.840102927292945,0.6774682289586214,0.42433625467395003,next
2,0.18585093241650147,0.6989800854181768,1.0,0.41868023602202276,0.4813069453735998,0.5109705503544099,0.3159812171696879,DLIS
3,0.7944523199910217,0.9288282981734561,0.41868023602202276,1.0,0.9358842648974538,0.7425955943195585,0.45426169387790055,DLIS_max
4,0.8774535756177955,0.840102927292945,0.4813069453735998,0.9358842648974538,1.0,0.4935264960138544,0.5434245775029682,BOHM
5,0.9408411624220087,0.6774682289586214,0.5109705503544099,0.7425955943195585,0.4935264960138544,1.0,0.407694903846878,paretoDominant
6,0.9435816454950624,0.42433625467395003,0.3159812171696879,0.45426169387790055,0.5434245775029682,0.407694903846878,1.0,RF
