,random,next,DLIS,DLIS_max,BOHM,paretoDominant,RF,heuristic
0,1.0,0.9902816623844894,0.6992952912375358,0.9338905613129013,0.9967858993681347,0.6495021205621921,0.9461778805296096,random
1,0.9902816623844894,1.0,0.46010606469163473,0.9689889659127884,0.9937128650667971,0.9523239150142478,0.9224326967661876,next
2,0.6992952912375358,0.46010606469163473,1.0,0.7386224800998726,0.9095211454702339,0.8741553193912066,0.5493537327430438,DLIS
3,0.9338905613129013,0.9689889659127884,0.7386224800998726,1.0,0.9999090837402204,0.9997993156956707,0.707794556780018,DLIS_max
4,0.9967858993681347,0.9937128650667971,0.9095211454702339,0.9999090837402204,1.0,0.7673489967092382,0.999186345511293,BOHM
5,0.6495021205621921,0.9523239150142478,0.8741553193912066,0.9997993156956707,0.7673489967092382,1.0,0.2325467658215694,paretoDominant
6,0.9461778805296096,0.9224326967661876,0.5493537327430438,0.707794556780018,0.999186345511293,0.2325467658215694,1.0,RF
