,random,next,DLIS,DLIS_max,BOHM,paretoDominant,RF,heuristic
0,1.0,0.5162601163047773,0.3138861987074662,0.35438018749284045,0.23358061398855495,0.6023428676144724,0.5923748210939608,random
1,0.5162601163047773,1.0,0.037681433818063034,0.66541642783291,0.8168645355832556,0.13256097432345218,0.27161510711088466,next
2,0.3138861987074662,0.037681433818063034,1.0,0.45886087929814345,0.35289669899752635,0.9592124032836514,0.30403987002897137,DLIS
3,0.35438018749284045,0.66541642783291,0.45886087929814345,1.0,0.8421750495346507,0.7730985960900034,0.9806121960468606,DLIS_max
4,0.23358061398855495,0.8168645355832556,0.35289669899752635,0.8421750495346507,1.0,0.3111081389451022,0.8977789831651792,BOHM
5,0.6023428676144724,0.13256097432345218,0.9592124032836514,0.7730985960900034,0.3111081389451022,1.0,0.7178541485575293,paretoDominant
6,0.5923748210939608,0.27161510711088466,0.30403987002897137,0.9806121960468606,0.8977789831651792,0.7178541485575293,1.0,RF
