,random,next,DLIS,DLIS_max,BOHM,paretoDominant,RF,heuristic
0,1.0,1.289895334620658e-13,5.9987473478411255e-06,0.00013413227404885335,1.6145996266358932e-18,0.011971712535684175,6.0560975232555e-08,random
1,1.289895334620658e-13,1.0,0.00040478553794799497,2.0187160795151237e-07,0.0002542303986521441,7.148746263194723e-09,0.0028861927208233625,next
2,5.9987473478411255e-06,0.00040478553794799497,1.0,0.009732470069187184,1.0679613244965693e-07,6.66233016052232e-05,0.08020456287286018,DLIS
3,0.00013413227404885335,2.0187160795151237e-07,0.009732470069187184,1.0,1.044232203103176e-10,0.03810807497887168,0.0001208552906246648,DLIS_max
4,1.6145996266358932e-18,0.0002542303986521441,1.0679613244965693e-07,1.044232203103176e-10,1.0,8.257912251217959e-14,7.680114038122551e-07,BOHM
5,0.011971712535684175,7.148746263194723e-09,6.66233016052232e-05,0.03810807497887168,8.257912251217959e-14,1.0,5.320374595058488e-05,paretoDominant
6,6.0560975232555e-08,0.0028861927208233625,0.08020456287286018,0.0001208552906246648,7.680114038122551e-07,5.320374595058488e-05,1.0,RF
