,random,next,DLIS,DLIS_max,BOHM,paretoDominant,RF,heuristic
0,1.0,0.9999999999999867,0.9999999999999997,0.9999999998850486,1.0,0.9954436990759725,0.9999999999991156,random
1,0.9999999999999867,1.0,0.9999999999999994,0.9999998703026981,1.0000000000000004,0.999999965496262,0.9999999999932536,next
2,0.9999999999999997,0.9999999999999994,1.0,0.9999999999999998,0.9999999999999997,0.997638665222914,0.9999999991413085,DLIS
3,0.9999999998850486,0.9999998703026981,0.9999999999999998,1.0,0.9999999990868315,0.9733726761651572,0.998328453743262,DLIS_max
4,1.0,1.0000000000000004,0.9999999999999997,0.9999999990868315,1.0,0.9999976884731695,0.9999999999976229,BOHM
5,0.9954436990759725,0.999999965496262,0.997638665222914,0.9733726761651572,0.9999976884731695,1.0,0.9999994891843593,paretoDominant
6,0.9999999999991156,0.9999999999932536,0.9999999991413085,0.998328453743262,0.9999999999976229,0.9999994891843593,1.0,RF
