,random,next,DLIS,DLIS_max,BOHM,paretoDominant,RF,heuristic
0,1.0,0.7364663758955263,0.3277224370614398,0.8906313323039106,0.4872516608978044,0.364559631758074,0.7983602676326385,random
1,0.7364663758955263,1.0,0.08886240112399853,0.5378691789144739,0.7182990014916784,0.09910101060964334,0.7549472166908986,next
2,0.3277224370614398,0.08886240112399853,1.0,0.8522795838202647,0.63132056869438,0.7905905015881283,0.4472888429673467,DLIS
3,0.8906313323039106,0.5378691789144739,0.8522795838202647,1.0,0.7396725585940243,0.817979091273029,0.9353683423449017,DLIS_max
4,0.4872516608978044,0.7182990014916784,0.63132056869438,0.7396725585940243,1.0,0.4649263548716292,0.6467326199415623,BOHM
5,0.364559631758074,0.09910101060964334,0.7905905015881283,0.817979091273029,0.4649263548716292,1.0,0.5041667232587337,paretoDominant
6,0.7983602676326385,0.7549472166908986,0.4472888429673467,0.9353683423449017,0.6467326199415623,0.5041667232587337,1.0,RF
