,random,next,DLIS,DLIS_max,BOHM,paretoDominant,RF,heuristic
0,1.0,0.9999993617212791,0.9999999999999996,0.9999999999999998,1.0,0.9932710166650364,0.9999997929048452,random
1,0.9999993617212791,1.0,0.9999999999999994,0.9997640529111489,0.9999999999999998,0.9999999999832416,0.9999999999999999,next
2,0.9999999999999996,0.9999999999999994,1.0,0.9999954418887255,1.0000000000000002,0.9999997586144306,1.0,DLIS
3,0.9999999999999998,0.9997640529111489,0.9999954418887255,1.0,0.9999999989976113,0.9764646228198569,0.9980525669330904,DLIS_max
4,1.0,0.9999999999999998,1.0000000000000002,0.9999999989976113,1.0,0.9999950779689224,0.9999998917912944,BOHM
5,0.9932710166650364,0.9999999999832416,0.9999997586144306,0.9764646228198569,0.9999950779689224,1.0,0.9999999999320807,paretoDominant
6,0.9999997929048452,0.9999999999999999,1.0,0.9980525669330904,0.9999998917912944,0.9999999999320807,1.0,RF
