,random,next,DLIS,DLIS_max,BOHM,paretoDominant,RF,heuristic
0,1.0,0.9759020117421956,0.6849688181148855,0.8609855066826569,0.9456736515601084,0.6467387113884001,0.9774230194434983,random
1,0.9759020117421956,1.0,0.3523093925948027,0.9958755681917628,0.9939960215916771,0.8964663611742774,0.9876945151723546,next
2,0.6849688181148855,0.3523093925948027,1.0,0.6309227561721223,0.7366337440704668,0.7792219291611454,0.6097878498807536,DLIS
3,0.8609855066826569,0.9958755681917628,0.6309227561721223,1.0,0.9970595226180847,0.9998304872439029,0.7465793335366925,DLIS_max
4,0.9456736515601084,0.9939960215916771,0.7366337440704668,0.9970595226180847,1.0,0.8312762628215191,0.9940226339376982,BOHM
5,0.6467387113884001,0.8964663611742774,0.7792219291611454,0.9998304872439029,0.8312762628215191,1.0,0.3907577729290976,paretoDominant
6,0.9774230194434983,0.9876945151723546,0.6097878498807536,0.7465793335366925,0.9940226339376982,0.3907577729290976,1.0,RF
