,random,next,DLIS,DLIS_max,BOHM,paretoDominant,RF,heuristic
0,1.0,0.3321920892885594,0.239374732803653,0.27501570921959023,0.15264345182084926,0.3065709265684584,0.5188106977125616,random
1,0.3321920892885594,1.0,0.025927044938212452,0.4635905173257143,0.7227533176350102,0.05627585908083629,0.11984120241950745,next
2,0.239374732803653,0.025927044938212452,1.0,0.5248993341291985,0.3211676952730934,0.9280420180220932,0.2615883854895624,DLIS
3,0.27501570921959023,0.4635905173257143,0.5248993341291985,1.0,0.7250530277271338,0.6689034652260989,0.9753616442781927,DLIS_max
4,0.15264345182084926,0.7227533176350102,0.3211676952730934,0.7250530277271338,1.0,0.25679200702597044,0.8489182678761129,BOHM
5,0.3065709265684584,0.05627585908083629,0.9280420180220932,0.6689034652260989,0.25679200702597044,1.0,0.6484540322275842,paretoDominant
6,0.5188106977125616,0.11984120241950745,0.2615883854895624,0.9753616442781927,0.8489182678761129,0.6484540322275842,1.0,RF
