,random,next,DLIS,DLIS_max,BOHM,paretoDominant,RF,heuristic
0,1.0,2.1598857148203663e-14,9.960458923987824e-07,0.00022221512799283034,8.122711397936058e-15,0.03916150998269132,1.784316553906399e-06,random
1,2.1598857148203663e-14,1.0,0.0008702335040185678,1.4875801323889404e-08,0.0013443169060931026,6.285191041270424e-09,0.00013988405153940003,next
2,9.960458923987824e-07,0.0008702335040185678,1.0,0.0002738034324188915,9.918451104541091e-05,1.256910718808825e-06,0.12112486823603477,DLIS
3,0.00022221512799283034,1.4875801323889404e-08,0.0002738034324188915,1.0,1.929634267669895e-08,0.009148004615313272,0.00018798678158313747,DLIS_max
4,8.122711397936058e-15,0.0013443169060931026,9.918451104541091e-05,1.929634267669895e-08,1.0,6.012765621019025e-12,7.644692556671448e-06,BOHM
5,0.03916150998269132,6.285191041270424e-09,1.256910718808825e-06,0.009148004615313272,6.012765621019025e-12,1.0,5.713938792631531e-05,paretoDominant
6,1.784316553906399e-06,0.00013988405153940003,0.12112486823603477,0.00018798678158313747,7.644692556671448e-06,5.713938792631531e-05,1.0,RF
