,random,next,DLIS,DLIS_max,BOHM,paretoDominant,RF,heuristic
0,1.0,0.11039245702936129,0.0800579497443482,0.40707622054819564,0.6588702591516162,0.46680720202431253,0.44259986619466296,random
1,0.11039245702936129,1.0,0.0017805058958357298,0.04821094231162281,0.047927392360386734,0.046816562899964845,0.05008397797754042,next
2,0.0800579497443482,0.0017805058958357298,1.0,0.32215114400126976,0.5364279326513424,0.6706478417854865,0.3093687105171422,DLIS
3,0.40707622054819564,0.04821094231162281,0.32215114400126976,1.0,0.709301684983899,0.8960046232103176,0.914090156686781,DLIS_max
4,0.6588702591516162,0.047927392360386734,0.5364279326513424,0.709301684983899,1.0,0.7696282731462368,0.6547062071026806,BOHM
5,0.46680720202431253,0.046816562899964845,0.6706478417854865,0.8960046232103176,0.7696282731462368,1.0,0.9701497293955179,paretoDominant
6,0.44259986619466296,0.05008397797754042,0.3093687105171422,0.914090156686781,0.6547062071026806,0.9701497293955179,1.0,RF
