,random,next,DLIS,DLIS_max,BOHM,paretoDominant,RF,heuristic
0,1.0,3.55398098317998e-15,3.9996266580291187e-07,1.2747892018907305e-05,5.040110260706085e-18,0.015208808603090916,2.350189705482636e-08,random
1,3.55398098317998e-15,1.0,0.0006055459610216329,1.4719578088773106e-08,0.00046044191406575155,1.4638993346507594e-08,0.0001508472274303649,next
2,3.9996266580291187e-07,0.0006055459610216329,1.0,0.007175298856083379,0.00021331566680115796,1.6654591040661047e-07,0.10963789900968332,DLIS
3,1.2747892018907305e-05,1.4719578088773106e-08,0.007175298856083379,1.0,1.5443174839850125e-08,0.0035417830668756822,7.577764146462883e-05,DLIS_max
4,5.040110260706085e-18,0.00046044191406575155,0.00021331566680115796,1.5443174839850125e-08,1.0,4.009755705349316e-11,2.313540787438109e-05,BOHM
5,0.015208808603090916,1.4638993346507594e-08,1.6654591040661047e-07,0.0035417830668756822,4.009755705349316e-11,1.0,4.5569745989497345e-05,paretoDominant
6,2.350189705482636e-08,0.0001508472274303649,0.10963789900968332,7.577764146462883e-05,2.313540787438109e-05,4.5569745989497345e-05,1.0,RF
