,random,next,DLIS,DLIS_max,BOHM,paretoDominant,RF,heuristic
0,1.0,0.9999999999999982,0.9999999999999971,1.0000000000000004,0.9999999999999998,0.9999999999999987,1.0000000000000002,random
1,0.9999999999999982,1.0,0.9999999999999996,1.000000000000001,0.9999999999999998,1.0000000000000002,0.9999999999999998,next
2,0.9999999999999971,0.9999999999999996,1.0,1.0000000000000013,0.9999999999999977,1.0000000000000018,1.000000000000002,DLIS
3,1.0000000000000004,1.000000000000001,1.0000000000000013,1.0,1.0,0.9999999999999988,1.0,DLIS_max
4,0.9999999999999998,0.9999999999999998,0.9999999999999977,1.0,1.0,0.9999999999999996,1.0000000000000009,BOHM
5,0.9999999999999987,1.0000000000000002,1.0000000000000018,0.9999999999999988,0.9999999999999996,1.0,0.999999999999999,paretoDominant
6,1.0000000000000002,0.9999999999999998,1.000000000000002,1.0,1.0000000000000009,0.999999999999999,1.0,RF
