,random,next,DLIS,DLIS_max,BOHM,paretoDominant,RF,heuristic
0,1.0,1.9286792969622428e-13,7.92208985675591e-07,6.719811840990255e-06,9.04525285811995e-21,0.005767107558532481,8.099586152321654e-10,random
1,1.9286792969622428e-13,1.0,0.0017127226796366485,1.703112356897953e-07,0.0001674746811506769,1.7054022743954357e-08,0.0035075611015832,next
2,7.92208985675591e-07,0.0017127226796366485,1.0,0.014046609566533178,8.459300615595169e-07,1.5226843552449876e-05,0.03254751794398589,DLIS
3,6.719811840990255e-06,1.703112356897953e-07,0.014046609566533178,1.0,1.965498965769335e-09,0.03645536792990433,4.5663376979505344e-05,DLIS_max
4,9.04525285811995e-21,0.0001674746811506769,8.459300615595169e-07,1.965498965769335e-09,1.0,2.944696505728856e-14,1.2183424879345418e-05,BOHM
5,0.005767107558532481,1.7054022743954357e-08,1.5226843552449876e-05,0.03645536792990433,2.944696505728856e-14,1.0,8.209535782729636e-05,paretoDominant
6,8.099586152321654e-10,0.0035075611015832,0.03254751794398589,4.5663376979505344e-05,1.2183424879345418e-05,8.209535782729636e-05,1.0,RF
